<?xml version="1.0"?>
<!DOCTYPE hibernate-mapping PUBLIC
    "-//Hibernate/Hibernate Mapping DTD 2.0//EN" 
    "http://hibernate.sourceforge.net/hibernate-mapping-2.0.dtd">

<hibernate-mapping>
    <class name="db.model.User" table="user" dynamic-update="false" dynamic-insert="false">
        <cache usage="read-write"/>
        <id name="id" column="ID" type="java.lang.Long">
            <generator class="increment"></generator>
        </id>
        <property name="username" type="java.lang.String" update="true" insert="true" access="property" column="username"/>
        <property name="password" type="java.lang.String" update="true" insert="true" access="property" column="password"/>
    </class>
</hibernate-mapping>